{"cameraMode":{"drawMode":0,"name":"Shaded","section":"Shading Mode"},"sceneLighting":false,"audioPlay":false,"sceneViewState":{"m_AlwaysRefresh":false,"showFog":true,"showSkybox":false,"showFlares":true,"showImageEffects":true,"showParticleSystems":true,"showVisualEffectGraphs":true,"m_FxEnabled":true},"in2DMode":false,"pivot":{"x":-0.4347524642944336,"y":0.24398136138916017,"z":-0.1767793893814087},"rotation":{"x":-0.21260112524032594,"y":-0.6653246879577637,"z":0.20616382360458375,"w":-0.685473620891571},"size":2.9282877445220949,"orthographic":false}