{"cameraMode":{"drawMode":0,"name":"Shaded","section":"Shading Mode"},"sceneLighting":false,"audioPlay":false,"sceneViewState":{"m_AlwaysRefresh":false,"showFog":true,"showSkybox":false,"showFlares":true,"showImageEffects":true,"showParticleSystems":true,"showVisualEffectGraphs":true,"m_FxEnabled":true},"in2DMode":false,"pivot":{"x":-0.0007509738206863403,"y":0.06113806366920471,"z":0.03989839553833008},"rotation":{"x":-0.005546925123780966,"y":-0.9459314942359924,"z":0.32433006167411806,"w":-0.015845686197280885},"size":0.7546872496604919,"orthographic":false}